startTime,task,group,team,score
1654504976679,"vbs22-avs-01","VBS2022-AVS","vitrivr",9.638322571283464
1654504976679,"vbs22-avs-01","VBS2022-AVS","VIREO",16.8676412154673
1654504976679,"vbs22-avs-01","VBS2022-AVS","vibro",21.535996780335278
1654504976679,"vbs22-avs-01","VBS2022-AVS","VISIONE",6.862141295130986
1654504976679,"vbs22-avs-01","VBS2022-AVS","CVHunter",11.275458322438187
1654504976679,"vbs22-avs-01","VBS2022-AVS","ViRMA",1.9556913674560732
1654504976679,"vbs22-avs-01","VBS2022-AVS","diveXplore",5.686944634313054
1654504976679,"vbs22-avs-01","VBS2022-AVS","vitrivr-VR",5.343228200371057
1654504976679,"vbs22-avs-01","VBS2022-AVS","AVSEEKER",6.221721826560536
1654504976679,"vbs22-avs-01","VBS2022-AVS","VideoFall",1.4545454545454546
1654504976679,"vbs22-avs-01","VBS2022-AVS","VERGE",3.1558441558441555
1654504976679,"vbs22-avs-01","VBS2022-AVS","Exquisitor",4.804444110802493
1654504976679,"vbs22-avs-01","VBS2022-AVS","V-FIRST",0.16697588126159554
1654504976679,"vbs22-avs-01","VBS2022-AVS","IVIST",6.9169186977406145
1654504976679,"vbs22-avs-01","VBS2022-AVS","AIClub@UIT",2.7594529364440863
1654504976679,"vbs22-avs-01","VBS2022-AVS","VNUHCM",0.7305194805194805
1654506254200,"vbs22-kis-t01","VB2022-KIS-T","vitrivr",0.0
1654506254200,"vbs22-kis-t01","VB2022-KIS-T","VIREO",0.0
1654506254200,"vbs22-kis-t01","VB2022-KIS-T","vibro",48.75280586914886
1654506254200,"vbs22-kis-t01","VB2022-KIS-T","VISIONE",94.86331829026688
1654506254200,"vbs22-kis-t01","VB2022-KIS-T","CVHunter",95.45955077858457
1654506254200,"vbs22-kis-t01","VB2022-KIS-T","ViRMA",0.0
1654506254200,"vbs22-kis-t01","VB2022-KIS-T","diveXplore",0.0
1654506254200,"vbs22-kis-t01","VB2022-KIS-T","vitrivr-VR",0.0
1654506254200,"vbs22-kis-t01","VB2022-KIS-T","AVSEEKER",93.90732278906923
1654506254200,"vbs22-kis-t01","VB2022-KIS-T","VideoFall",85.61402063990286
1654506254200,"vbs22-kis-t01","VB2022-KIS-T","VERGE",62.0399433414431
1654506254200,"vbs22-kis-t01","VB2022-KIS-T","Exquisitor",40.58270314022052
1654506254200,"vbs22-kis-t01","VB2022-KIS-T","V-FIRST",95.76354934800307
1654506254200,"vbs22-kis-t01","VB2022-KIS-T","IVIST",46.976978931863854
1654506254200,"vbs22-kis-t01","VB2022-KIS-T","AIClub@UIT",0.0
1654506254200,"vbs22-kis-t01","VB2022-KIS-T","VNUHCM",68.64210050776231
1654506751888,"vbs22-kis-t02","VB2022-KIS-T","vitrivr",62.90656389188884
1654506751888,"vbs22-kis-t02","VB2022-KIS-T","VIREO",62.449630241384256
1654506751888,"vbs22-kis-t02","VB2022-KIS-T","vibro",0.0
1654506751888,"vbs22-kis-t02","VB2022-KIS-T","VISIONE",74.21571879992565
1654506751888,"vbs22-kis-t02","VB2022-KIS-T","CVHunter",79.02516899721651
1654506751888,"vbs22-kis-t02","VB2022-KIS-T","ViRMA",0.0
1654506751888,"vbs22-kis-t02","VB2022-KIS-T","diveXplore",0.0
1654506751888,"vbs22-kis-t02","VB2022-KIS-T","vitrivr-VR",0.0
1654506751888,"vbs22-kis-t02","VB2022-KIS-T","AVSEEKER",0.0
1654506751888,"vbs22-kis-t02","VB2022-KIS-T","VideoFall",0.0
1654506751888,"vbs22-kis-t02","VB2022-KIS-T","VERGE",54.03781584773898
1654506751888,"vbs22-kis-t02","VB2022-KIS-T","Exquisitor",0.0
1654506751888,"vbs22-kis-t02","VB2022-KIS-T","V-FIRST",0.0
1654506751888,"vbs22-kis-t02","VB2022-KIS-T","IVIST",0.0
1654506751888,"vbs22-kis-t02","VB2022-KIS-T","AIClub@UIT",0.0
1654506751888,"vbs22-kis-t02","VB2022-KIS-T","VNUHCM",0.0
1654507318442,"vbs22-kis-t03","VB2022-KIS-T","vitrivr",0.0
1654507318442,"vbs22-kis-t03","VB2022-KIS-T","VIREO",0.0
1654507318442,"vbs22-kis-t03","VB2022-KIS-T","vibro",95.20289125329995
1654507318442,"vbs22-kis-t03","VB2022-KIS-T","VISIONE",51.18061862656056
1654507318442,"vbs22-kis-t03","VB2022-KIS-T","CVHunter",95.48006381086384
1654507318442,"vbs22-kis-t03","VB2022-KIS-T","ViRMA",0.0
1654507318442,"vbs22-kis-t03","VB2022-KIS-T","diveXplore",0.0
1654507318442,"vbs22-kis-t03","VB2022-KIS-T","vitrivr-VR",0.0
1654507318442,"vbs22-kis-t03","VB2022-KIS-T","AVSEEKER",68.17077876547626
1654507318442,"vbs22-kis-t03","VB2022-KIS-T","VideoFall",60.71476637976876
1654507318442,"vbs22-kis-t03","VB2022-KIS-T","VERGE",0.0
1654507318442,"vbs22-kis-t03","VB2022-KIS-T","Exquisitor",0.0
1654507318442,"vbs22-kis-t03","VB2022-KIS-T","V-FIRST",80.55003929356292
1654507318442,"vbs22-kis-t03","VB2022-KIS-T","IVIST",0.0
1654507318442,"vbs22-kis-t03","VB2022-KIS-T","AIClub@UIT",0.0
1654507318442,"vbs22-kis-t03","VB2022-KIS-T","VNUHCM",86.80053928650419
1654508199536,"vbs22-avs-02","VBS2022-AVS","vitrivr",18.171014962458813
1654508199536,"vbs22-avs-02","VBS2022-AVS","VIREO",32.494649777315054
1654508199536,"vbs22-avs-02","VBS2022-AVS","vibro",33.67234744365036
1654508199536,"vbs22-avs-02","VBS2022-AVS","VISIONE",16.504854368932037
1654508199536,"vbs22-avs-02","VBS2022-AVS","CVHunter",37.170905845604636
1654508199536,"vbs22-avs-02","VBS2022-AVS","ViRMA",5.555555555555555
1654508199536,"vbs22-avs-02","VBS2022-AVS","diveXplore",1.9013666072489603
1654508199536,"vbs22-avs-02","VBS2022-AVS","vitrivr-VR",2.7270678386297043
1654508199536,"vbs22-avs-02","VBS2022-AVS","AVSEEKER",23.220043572984753
1654508199536,"vbs22-avs-02","VBS2022-AVS","VideoFall",15.385108291682684
1654508199536,"vbs22-avs-02","VBS2022-AVS","VERGE",12.426470588235293
1654508199536,"vbs22-avs-02","VBS2022-AVS","Exquisitor",0.0
1654508199536,"vbs22-avs-02","VBS2022-AVS","V-FIRST",10.96785746261975
1654508199536,"vbs22-avs-02","VBS2022-AVS","IVIST",12.583767684288905
1654508199536,"vbs22-avs-02","VBS2022-AVS","AIClub@UIT",5.975723622782446
1654508199536,"vbs22-avs-02","VBS2022-AVS","VNUHCM",7.239819004524887
1654510854383,"vbs22-kis-t06","VB2022-KIS-T","vitrivr",0.0
1654510854383,"vbs22-kis-t06","VB2022-KIS-T","VIREO",0.0
1654510854383,"vbs22-kis-t06","VB2022-KIS-T","vibro",88.3786429240333
1654510854383,"vbs22-kis-t06","VB2022-KIS-T","VISIONE",0.0
1654510854383,"vbs22-kis-t06","VB2022-KIS-T","CVHunter",0.0
1654510854383,"vbs22-kis-t06","VB2022-KIS-T","ViRMA",0.0
1654510854383,"vbs22-kis-t06","VB2022-KIS-T","diveXplore",86.76006230558914
1654510854383,"vbs22-kis-t06","VB2022-KIS-T","vitrivr-VR",0.0
1654510854383,"vbs22-kis-t06","VB2022-KIS-T","AVSEEKER",0.0
1654510854383,"vbs22-kis-t06","VB2022-KIS-T","VideoFall",0.0
1654510854383,"vbs22-kis-t06","VB2022-KIS-T","VERGE",0.0
1654510854383,"vbs22-kis-t06","VB2022-KIS-T","Exquisitor",0.0
1654510854383,"vbs22-kis-t06","VB2022-KIS-T","V-FIRST",0.0
1654510854383,"vbs22-kis-t06","VB2022-KIS-T","IVIST",0.0
1654510854383,"vbs22-kis-t06","VB2022-KIS-T","AIClub@UIT",0.0
1654510854383,"vbs22-kis-t06","VB2022-KIS-T","VNUHCM",0.0
1654511372468,"vbs22-kis-t07","VB2022-KIS-T","vitrivr",96.38913528889977
1654511372468,"vbs22-kis-t07","VB2022-KIS-T","VIREO",77.20460037316857
1654511372468,"vbs22-kis-t07","VB2022-KIS-T","vibro",97.73863612299975
1654511372468,"vbs22-kis-t07","VB2022-KIS-T","VISIONE",95.94043890835252
1654511372468,"vbs22-kis-t07","VB2022-KIS-T","CVHunter",96.67748212390796
1654511372468,"vbs22-kis-t07","VB2022-KIS-T","ViRMA",0.0
1654511372468,"vbs22-kis-t07","VB2022-KIS-T","diveXplore",0.0
1654511372468,"vbs22-kis-t07","VB2022-KIS-T","vitrivr-VR",70.59064631572508
1654511372468,"vbs22-kis-t07","VB2022-KIS-T","AVSEEKER",77.38485537953314
1654511372468,"vbs22-kis-t07","VB2022-KIS-T","VideoFall",0.0
1654511372468,"vbs22-kis-t07","VB2022-KIS-T","VERGE",88.96682187906609
1654511372468,"vbs22-kis-t07","VB2022-KIS-T","Exquisitor",0.0
1654511372468,"vbs22-kis-t07","VB2022-KIS-T","V-FIRST",91.4610043552019
1654511372468,"vbs22-kis-t07","VB2022-KIS-T","IVIST",57.559486975569925
1654511372468,"vbs22-kis-t07","VB2022-KIS-T","AIClub@UIT",0.0
1654511372468,"vbs22-kis-t07","VB2022-KIS-T","VNUHCM",78.09234627972585
1654511962804,"vbs22-kis-v01","VBS2022-KIS-V","vitrivr",0.0
1654511962804,"vbs22-kis-v01","VBS2022-KIS-V","VIREO",0.0
1654511962804,"vbs22-kis-v01","VBS2022-KIS-V","vibro",88.8960472649539
1654511962804,"vbs22-kis-v01","VBS2022-KIS-V","VISIONE",87.22131513029338
1654511962804,"vbs22-kis-v01","VBS2022-KIS-V","CVHunter",69.86990334552989
1654511962804,"vbs22-kis-v01","VBS2022-KIS-V","ViRMA",0.0
1654511962804,"vbs22-kis-v01","VBS2022-KIS-V","diveXplore",0.0
1654511962804,"vbs22-kis-v01","VBS2022-KIS-V","vitrivr-VR",0.0
1654511962804,"vbs22-kis-v01","VBS2022-KIS-V","AVSEEKER",0.0
1654511962804,"vbs22-kis-v01","VBS2022-KIS-V","VideoFall",0.0
1654511962804,"vbs22-kis-v01","VBS2022-KIS-V","VERGE",0.0
1654511962804,"vbs22-kis-v01","VBS2022-KIS-V","Exquisitor",0.0
1654511962804,"vbs22-kis-v01","VBS2022-KIS-V","V-FIRST",0.0
1654511962804,"vbs22-kis-v01","VBS2022-KIS-V","IVIST",0.0
1654511962804,"vbs22-kis-v01","VBS2022-KIS-V","AIClub@UIT",73.93001403260286
1654511962804,"vbs22-kis-v01","VBS2022-KIS-V","VNUHCM",0.0
1654512635781,"vbs22-kis-t08","VB2022-KIS-T","vitrivr",0.0
1654512635781,"vbs22-kis-t08","VB2022-KIS-T","VIREO",0.0
1654512635781,"vbs22-kis-t08","VB2022-KIS-T","vibro",83.91607157562852
1654512635781,"vbs22-kis-t08","VB2022-KIS-T","VISIONE",93.03408195197703
1654512635781,"vbs22-kis-t08","VB2022-KIS-T","CVHunter",66.72686203691721
1654512635781,"vbs22-kis-t08","VB2022-KIS-T","ViRMA",0.0
1654512635781,"vbs22-kis-t08","VB2022-KIS-T","diveXplore",0.0
1654512635781,"vbs22-kis-t08","VB2022-KIS-T","vitrivr-VR",0.0
1654512635781,"vbs22-kis-t08","VB2022-KIS-T","AVSEEKER",94.76264985117822
1654512635781,"vbs22-kis-t08","VB2022-KIS-T","VideoFall",92.79208479900237
1654512635781,"vbs22-kis-t08","VB2022-KIS-T","VERGE",0.0
1654512635781,"vbs22-kis-t08","VB2022-KIS-T","Exquisitor",0.0
1654512635781,"vbs22-kis-t08","VB2022-KIS-T","V-FIRST",54.468418018611544
1654512635781,"vbs22-kis-t08","VB2022-KIS-T","IVIST",81.04292890671874
1654512635781,"vbs22-kis-t08","VB2022-KIS-T","AIClub@UIT",0.0
1654512635781,"vbs22-kis-t08","VB2022-KIS-T","VNUHCM",58.404842295973
1654513092914,"vbs22-kis-t09","VB2022-KIS-T","vitrivr",73.8475
1654513092914,"vbs22-kis-t09","VB2022-KIS-T","VIREO",30.17547619047619
1654513092914,"vbs22-kis-t09","VB2022-KIS-T","vibro",95.24595238095239
1654513092914,"vbs22-kis-t09","VB2022-KIS-T","VISIONE",95.91035714285715
1654513092914,"vbs22-kis-t09","VB2022-KIS-T","CVHunter",96.22583333333333
1654513092914,"vbs22-kis-t09","VB2022-KIS-T","ViRMA",66.60880952380953
1654513092914,"vbs22-kis-t09","VB2022-KIS-T","diveXplore",87.4204761904762
1654513092914,"vbs22-kis-t09","VB2022-KIS-T","vitrivr-VR",78.22702380952381
1654513092914,"vbs22-kis-t09","VB2022-KIS-T","AVSEEKER",97.4175
1654513092914,"vbs22-kis-t09","VB2022-KIS-T","VideoFall",95.05904761904762
1654513092914,"vbs22-kis-t09","VB2022-KIS-T","VERGE",94.67238095238096
1654513092914,"vbs22-kis-t09","VB2022-KIS-T","Exquisitor",89.6625
1654513092914,"vbs22-kis-t09","VB2022-KIS-T","V-FIRST",96.875
1654513092914,"vbs22-kis-t09","VB2022-KIS-T","IVIST",95.23214285714286
1654513092914,"vbs22-kis-t09","VB2022-KIS-T","AIClub@UIT",91.13666666666666
1654513092914,"vbs22-kis-t09","VB2022-KIS-T","VNUHCM",83.6679761904762
1654513507689,"vbs22-kis-t10","VB2022-KIS-T","vitrivr",0.0
1654513507689,"vbs22-kis-t10","VB2022-KIS-T","VIREO",0.0
1654513507689,"vbs22-kis-t10","VB2022-KIS-T","vibro",80.4867673079095
1654513507689,"vbs22-kis-t10","VB2022-KIS-T","VISIONE",96.16454278507699
1654513507689,"vbs22-kis-t10","VB2022-KIS-T","CVHunter",96.47794865037835
1654513507689,"vbs22-kis-t10","VB2022-KIS-T","ViRMA",0.0
1654513507689,"vbs22-kis-t10","VB2022-KIS-T","diveXplore",0.0
1654513507689,"vbs22-kis-t10","VB2022-KIS-T","vitrivr-VR",0.0
1654513507689,"vbs22-kis-t10","VB2022-KIS-T","AVSEEKER",0.0
1654513507689,"vbs22-kis-t10","VB2022-KIS-T","VideoFall",86.78507228099235
1654513507689,"vbs22-kis-t10","VB2022-KIS-T","VERGE",77.26713379512856
1654513507689,"vbs22-kis-t10","VB2022-KIS-T","Exquisitor",0.0
1654513507689,"vbs22-kis-t10","VB2022-KIS-T","V-FIRST",0.0
1654513507689,"vbs22-kis-t10","VB2022-KIS-T","IVIST",88.07704796145015
1654513507689,"vbs22-kis-t10","VB2022-KIS-T","AIClub@UIT",67.6253152881828
1654513507689,"vbs22-kis-t10","VB2022-KIS-T","VNUHCM",0.0
1654513983401,"vbs22-kis-t11","VB2022-KIS-T","vitrivr",0.0
1654513983401,"vbs22-kis-t11","VB2022-KIS-T","VIREO",0.0
1654513983401,"vbs22-kis-t11","VB2022-KIS-T","vibro",84.92688321313867
1654513983401,"vbs22-kis-t11","VB2022-KIS-T","VISIONE",0.0
1654513983401,"vbs22-kis-t11","VB2022-KIS-T","CVHunter",50.84693121257397
1654513983401,"vbs22-kis-t11","VB2022-KIS-T","ViRMA",0.0
1654513983401,"vbs22-kis-t11","VB2022-KIS-T","diveXplore",0.0
1654513983401,"vbs22-kis-t11","VB2022-KIS-T","vitrivr-VR",67.72661498100022
1654513983401,"vbs22-kis-t11","VB2022-KIS-T","AVSEEKER",0.0
1654513983401,"vbs22-kis-t11","VB2022-KIS-T","VideoFall",0.0
1654513983401,"vbs22-kis-t11","VB2022-KIS-T","VERGE",0.0
1654513983401,"vbs22-kis-t11","VB2022-KIS-T","Exquisitor",0.0
1654513983401,"vbs22-kis-t11","VB2022-KIS-T","V-FIRST",0.0
1654513983401,"vbs22-kis-t11","VB2022-KIS-T","IVIST",0.0
1654513983401,"vbs22-kis-t11","VB2022-KIS-T","AIClub@UIT",0.0
1654513983401,"vbs22-kis-t11","VB2022-KIS-T","VNUHCM",0.0
1654514454547,"vbs22-kis-t12","VB2022-KIS-T","vitrivr",0.0
1654514454547,"vbs22-kis-t12","VB2022-KIS-T","VIREO",61.93900791988819
1654514454547,"vbs22-kis-t12","VB2022-KIS-T","vibro",94.95077716549883
1654514454547,"vbs22-kis-t12","VB2022-KIS-T","VISIONE",91.4277680785683
1654514454547,"vbs22-kis-t12","VB2022-KIS-T","CVHunter",92.11446426638683
1654514454547,"vbs22-kis-t12","VB2022-KIS-T","ViRMA",0.0
1654514454547,"vbs22-kis-t12","VB2022-KIS-T","diveXplore",0.0
1654514454547,"vbs22-kis-t12","VB2022-KIS-T","vitrivr-VR",0.0
1654514454547,"vbs22-kis-t12","VB2022-KIS-T","AVSEEKER",82.57645774412597
1654514454547,"vbs22-kis-t12","VB2022-KIS-T","VideoFall",94.09314221446286
1654514454547,"vbs22-kis-t12","VB2022-KIS-T","VERGE",52.11585248208261
1654514454547,"vbs22-kis-t12","VB2022-KIS-T","Exquisitor",0.0
1654514454547,"vbs22-kis-t12","VB2022-KIS-T","V-FIRST",94.14984729627346
1654514454547,"vbs22-kis-t12","VB2022-KIS-T","IVIST",89.00803753358775
1654514454547,"vbs22-kis-t12","VB2022-KIS-T","AIClub@UIT",0.0
1654514454547,"vbs22-kis-t12","VB2022-KIS-T","VNUHCM",91.32459306456849
1654515034108,"vbs22-avs-04","VBS2022-AVS","vitrivr",22.595961344919754
1654515034108,"vbs22-avs-04","VBS2022-AVS","VIREO",27.536228328025246
1654515034108,"vbs22-avs-04","VBS2022-AVS","vibro",24.009771969820616
1654515034108,"vbs22-avs-04","VBS2022-AVS","VISIONE",17.743749491302193
1654515034108,"vbs22-avs-04","VBS2022-AVS","CVHunter",14.633844631370609
1654515034108,"vbs22-avs-04","VBS2022-AVS","ViRMA",2.5338817697621683
1654515034108,"vbs22-avs-04","VBS2022-AVS","diveXplore",2.4942898671096345
1654515034108,"vbs22-avs-04","VBS2022-AVS","vitrivr-VR",29.276848134031752
1654515034108,"vbs22-avs-04","VBS2022-AVS","AVSEEKER",17.63722374693052
1654515034108,"vbs22-avs-04","VBS2022-AVS","VideoFall",2.3255813953488373
1654515034108,"vbs22-avs-04","VBS2022-AVS","VERGE",13.545977346466943
1654515034108,"vbs22-avs-04","VBS2022-AVS","Exquisitor",4.028658679821471
1654515034108,"vbs22-avs-04","VBS2022-AVS","V-FIRST",2.990033222591362
1654515034108,"vbs22-avs-04","VBS2022-AVS","IVIST",18.39930181220802
1654515034108,"vbs22-avs-04","VBS2022-AVS","AIClub@UIT",5.326293308020883
1654515034108,"vbs22-avs-04","VBS2022-AVS","VNUHCM",9.806692744614725
1654593227254,"vbs22-kis-v02","VBS2022-KIS-V","vitrivr",0.0
1654593227254,"vbs22-kis-v02","VBS2022-KIS-V","VIREO",0.0
1654593227254,"vbs22-kis-v02","VBS2022-KIS-V","vibro",80.13507975279094
1654593227254,"vbs22-kis-v02","VBS2022-KIS-V","VISIONE",85.98596744315667
1654593227254,"vbs22-kis-v02","VBS2022-KIS-V","CVHunter",79.58984278946247
1654593227254,"vbs22-kis-v02","VBS2022-KIS-V","ViRMA",0.0
1654593227254,"vbs22-kis-v02","VBS2022-KIS-V","diveXplore",53.762233406009734
1654593227254,"vbs22-kis-v02","VBS2022-KIS-V","vitrivr-VR",0.0
1654593227254,"vbs22-kis-v02","VBS2022-KIS-V","AVSEEKER",87.96757430206063
1654593227254,"vbs22-kis-v02","VBS2022-KIS-V","VideoFall",71.95341059982624
1654593227254,"vbs22-kis-v02","VBS2022-KIS-V","VERGE",64.50631956853167
1654593227254,"vbs22-kis-v02","VBS2022-KIS-V","Exquisitor",0.0
1654593227254,"vbs22-kis-v02","VBS2022-KIS-V","V-FIRST",85.07401518007902
1654593227254,"vbs22-kis-v02","VBS2022-KIS-V","IVIST",86.01432763397321
1654593227254,"vbs22-kis-v02","VBS2022-KIS-V","AIClub@UIT",93.12191603416338
1654593227254,"vbs22-kis-v02","VBS2022-KIS-V","VNUHCM",0.0
1654593587212,"vbs22-avs-05","VBS2022-AVS","vitrivr",14.778935185185185
1654593587212,"vbs22-avs-05","VBS2022-AVS","VIREO",11.850858369098711
1654593587212,"vbs22-avs-05","VBS2022-AVS","vibro",7.47787610619469
1654593587212,"vbs22-avs-05","VBS2022-AVS","VISIONE",8.4609375
1654593587212,"vbs22-avs-05","VBS2022-AVS","CVHunter",16.4000496031746
1654593587212,"vbs22-avs-05","VBS2022-AVS","ViRMA",0.4545454545454546
1654593587212,"vbs22-avs-05","VBS2022-AVS","diveXplore",0.20833333333333331
1654593587212,"vbs22-avs-05","VBS2022-AVS","vitrivr-VR",5.868055555555555
1654593587212,"vbs22-avs-05","VBS2022-AVS","AVSEEKER",17.233606557377048
1654593587212,"vbs22-avs-05","VBS2022-AVS","VideoFall",23.357035928143713
1654593587212,"vbs22-avs-05","VBS2022-AVS","VERGE",6.111372180451127
1654593587212,"vbs22-avs-05","VBS2022-AVS","Exquisitor",1.5533088235294117
1654593587212,"vbs22-avs-05","VBS2022-AVS","V-FIRST",20.834271771771775
1654593587212,"vbs22-avs-05","VBS2022-AVS","IVIST",31.869918699186986
1654593587212,"vbs22-avs-05","VBS2022-AVS","AIClub@UIT",6.712328767123287
1654593587212,"vbs22-avs-05","VBS2022-AVS","VNUHCM",11.161521084337348
1654594160775,"vbs22-kis-v03","VBS2022-KIS-V","vitrivr",75.80579589454737
1654594160775,"vbs22-kis-v03","VBS2022-KIS-V","VIREO",0.0
1654594160775,"vbs22-kis-v03","VBS2022-KIS-V","vibro",81.2238327393618
1654594160775,"vbs22-kis-v03","VBS2022-KIS-V","VISIONE",84.1066984908642
1654594160775,"vbs22-kis-v03","VBS2022-KIS-V","CVHunter",92.74972213934672
1654594160775,"vbs22-kis-v03","VBS2022-KIS-V","ViRMA",0.0
1654594160775,"vbs22-kis-v03","VBS2022-KIS-V","diveXplore",88.66640000786862
1654594160775,"vbs22-kis-v03","VBS2022-KIS-V","vitrivr-VR",55.463609270546115
1654594160775,"vbs22-kis-v03","VBS2022-KIS-V","AVSEEKER",59.92731362025383
1654594160775,"vbs22-kis-v03","VBS2022-KIS-V","VideoFall",20.519001078656693
1654594160775,"vbs22-kis-v03","VBS2022-KIS-V","VERGE",74.52419436803504
1654594160775,"vbs22-kis-v03","VBS2022-KIS-V","Exquisitor",65.54724614683501
1654594160775,"vbs22-kis-v03","VBS2022-KIS-V","V-FIRST",29.621060362153244
1654594160775,"vbs22-kis-v03","VBS2022-KIS-V","IVIST",95.63734184892905
1654594160775,"vbs22-kis-v03","VBS2022-KIS-V","AIClub@UIT",80.79925510394776
1654594160775,"vbs22-kis-v03","VBS2022-KIS-V","VNUHCM",0.0
1654594549261,"vbs22-kis-v04","VBS2022-KIS-V","vitrivr",89.85495129524165
1654594549261,"vbs22-kis-v04","VBS2022-KIS-V","VIREO",0.0
1654594549261,"vbs22-kis-v04","VBS2022-KIS-V","vibro",88.70380752849991
1654594549261,"vbs22-kis-v04","VBS2022-KIS-V","VISIONE",90.40675276474504
1654594549261,"vbs22-kis-v04","VBS2022-KIS-V","CVHunter",85.22103206218996
1654594549261,"vbs22-kis-v04","VBS2022-KIS-V","ViRMA",0.0
1654594549261,"vbs22-kis-v04","VBS2022-KIS-V","diveXplore",0.0
1654594549261,"vbs22-kis-v04","VBS2022-KIS-V","vitrivr-VR",67.42748384431526
1654594549261,"vbs22-kis-v04","VBS2022-KIS-V","AVSEEKER",80.74039101511143
1654594549261,"vbs22-kis-v04","VBS2022-KIS-V","VideoFall",74.89991836092341
1654594549261,"vbs22-kis-v04","VBS2022-KIS-V","VERGE",71.26074996475421
1654594549261,"vbs22-kis-v04","VBS2022-KIS-V","Exquisitor",0.0
1654594549261,"vbs22-kis-v04","VBS2022-KIS-V","V-FIRST",79.76941059209642
1654594549261,"vbs22-kis-v04","VBS2022-KIS-V","IVIST",89.369870918456
1654594549261,"vbs22-kis-v04","VBS2022-KIS-V","AIClub@UIT",83.17120271736815
1654594549261,"vbs22-kis-v04","VBS2022-KIS-V","VNUHCM",81.42137238894298
1654594907054,"vbs22-kis-v05","VBS2022-KIS-V","vitrivr",82.34914181734726
1654594907054,"vbs22-kis-v05","VBS2022-KIS-V","VIREO",0.0
1654594907054,"vbs22-kis-v05","VBS2022-KIS-V","vibro",79.69705414665333
1654594907054,"vbs22-kis-v05","VBS2022-KIS-V","VISIONE",58.58395764003869
1654594907054,"vbs22-kis-v05","VBS2022-KIS-V","CVHunter",54.10550646710709
1654594907054,"vbs22-kis-v05","VBS2022-KIS-V","ViRMA",0.0
1654594907054,"vbs22-kis-v05","VBS2022-KIS-V","diveXplore",0.0
1654594907054,"vbs22-kis-v05","VBS2022-KIS-V","vitrivr-VR",68.0762610449009
1654594907054,"vbs22-kis-v05","VBS2022-KIS-V","AVSEEKER",0.0
1654594907054,"vbs22-kis-v05","VBS2022-KIS-V","VideoFall",0.0
1654594907054,"vbs22-kis-v05","VBS2022-KIS-V","VERGE",40.45245159915412
1654594907054,"vbs22-kis-v05","VBS2022-KIS-V","Exquisitor",76.46350059835085
1654594907054,"vbs22-kis-v05","VBS2022-KIS-V","V-FIRST",60.141473090605075
1654594907054,"vbs22-kis-v05","VBS2022-KIS-V","IVIST",88.48871329978198
1654594907054,"vbs22-kis-v05","VBS2022-KIS-V","AIClub@UIT",0.0
1654594907054,"vbs22-kis-v05","VBS2022-KIS-V","VNUHCM",60.573761085883845
1654595285997,"vbs22-kis-v06","VBS2022-KIS-V","vitrivr",0.0
1654595285997,"vbs22-kis-v06","VBS2022-KIS-V","VIREO",0.0
1654595285997,"vbs22-kis-v06","VBS2022-KIS-V","vibro",76.56688524590163
1654595285997,"vbs22-kis-v06","VBS2022-KIS-V","VISIONE",91.37
1654595285997,"vbs22-kis-v06","VBS2022-KIS-V","CVHunter",67.3667213114754
1654595285997,"vbs22-kis-v06","VBS2022-KIS-V","ViRMA",0.0
1654595285997,"vbs22-kis-v06","VBS2022-KIS-V","diveXplore",0.0
1654595285997,"vbs22-kis-v06","VBS2022-KIS-V","vitrivr-VR",0.0
1654595285997,"vbs22-kis-v06","VBS2022-KIS-V","AVSEEKER",68.42524590163934
1654595285997,"vbs22-kis-v06","VBS2022-KIS-V","VideoFall",84.15901639344261
1654595285997,"vbs22-kis-v06","VBS2022-KIS-V","VERGE",68.73393442622951
1654595285997,"vbs22-kis-v06","VBS2022-KIS-V","Exquisitor",0.0
1654595285997,"vbs22-kis-v06","VBS2022-KIS-V","V-FIRST",56.08311475409836
1654595285997,"vbs22-kis-v06","VBS2022-KIS-V","IVIST",89.57032786885246
1654595285997,"vbs22-kis-v06","VBS2022-KIS-V","AIClub@UIT",80.1027868852459
1654595285997,"vbs22-kis-v06","VBS2022-KIS-V","VNUHCM",0.0
1654595649859,"vbs22-avs-06","VBS2022-AVS","vitrivr",26.224651874372693
1654595649859,"vbs22-avs-06","VBS2022-AVS","VIREO",35.219775673093565
1654595649859,"vbs22-avs-06","VBS2022-AVS","vibro",29.918352979558193
1654595649859,"vbs22-avs-06","VBS2022-AVS","VISIONE",31.665206657641157
1654595649859,"vbs22-avs-06","VBS2022-AVS","CVHunter",18.623556581986143
1654595649859,"vbs22-avs-06","VBS2022-AVS","ViRMA",7.41596099563767
1654595649859,"vbs22-avs-06","VBS2022-AVS","diveXplore",18.667575310137686
1654595649859,"vbs22-avs-06","VBS2022-AVS","vitrivr-VR",15.365444365062224
1654595649859,"vbs22-avs-06","VBS2022-AVS","AVSEEKER",17.51725426851246
1654595649859,"vbs22-avs-06","VBS2022-AVS","VideoFall",36.30785629364418
1654595649859,"vbs22-avs-06","VBS2022-AVS","VERGE",21.685153259820662
1654595649859,"vbs22-avs-06","VBS2022-AVS","Exquisitor",4.428155437292901
1654595649859,"vbs22-avs-06","VBS2022-AVS","V-FIRST",8.993604547877066
1654595649859,"vbs22-avs-06","VBS2022-AVS","IVIST",22.422027399717482
1654595649859,"vbs22-avs-06","VBS2022-AVS","AIClub@UIT",5.9183987682832955
1654595649859,"vbs22-avs-06","VBS2022-AVS","VNUHCM",21.383970575656488
1654597230027,"vbs22-avs-07","VBS2022-AVS","vitrivr",8.121349446122862
1654597230027,"vbs22-avs-07","VBS2022-AVS","VIREO",12.834895817111533
1654597230027,"vbs22-avs-07","VBS2022-AVS","vibro",22.06695402400626
1654597230027,"vbs22-avs-07","VBS2022-AVS","VISIONE",20.539844485166658
1654597230027,"vbs22-avs-07","VBS2022-AVS","CVHunter",13.115937436179127
1654597230027,"vbs22-avs-07","VBS2022-AVS","ViRMA",0.19421665947345707
1654597230027,"vbs22-avs-07","VBS2022-AVS","diveXplore",3.82073007291643
1654597230027,"vbs22-avs-07","VBS2022-AVS","vitrivr-VR",9.84308382979925
1654597230027,"vbs22-avs-07","VBS2022-AVS","AVSEEKER",11.235287638469286
1654597230027,"vbs22-avs-07","VBS2022-AVS","VideoFall",6.936746199776388
1654597230027,"vbs22-avs-07","VBS2022-AVS","VERGE",14.88942598187311
1654597230027,"vbs22-avs-07","VBS2022-AVS","Exquisitor",4.717358861427583
1654597230027,"vbs22-avs-07","VBS2022-AVS","V-FIRST",12.764350453172206
1654597230027,"vbs22-avs-07","VBS2022-AVS","IVIST",23.94158210613307
1654597230027,"vbs22-avs-07","VBS2022-AVS","AIClub@UIT",14.20497900084989
1654597230027,"vbs22-avs-07","VBS2022-AVS","VNUHCM",7.807021412662359
1654598019253,"vbs22-kis-v07","VBS2022-KIS-V","vitrivr",63.41063185227929
1654598019253,"vbs22-kis-v07","VBS2022-KIS-V","VIREO",87.37426559303363
1654598019253,"vbs22-kis-v07","VBS2022-KIS-V","vibro",86.39445522740388
1654598019253,"vbs22-kis-v07","VBS2022-KIS-V","VISIONE",94.17048077427478
1654598019253,"vbs22-kis-v07","VBS2022-KIS-V","CVHunter",86.71182395215862
1654598019253,"vbs22-kis-v07","VBS2022-KIS-V","ViRMA",0.0
1654598019253,"vbs22-kis-v07","VBS2022-KIS-V","diveXplore",0.0
1654598019253,"vbs22-kis-v07","VBS2022-KIS-V","vitrivr-VR",0.0
1654598019253,"vbs22-kis-v07","VBS2022-KIS-V","AVSEEKER",87.65294680795259
1654598019253,"vbs22-kis-v07","VBS2022-KIS-V","VideoFall",71.00453102869433
1654598019253,"vbs22-kis-v07","VBS2022-KIS-V","VERGE",91.7503803178933
1654598019253,"vbs22-kis-v07","VBS2022-KIS-V","Exquisitor",0.0
1654598019253,"vbs22-kis-v07","VBS2022-KIS-V","V-FIRST",90.65057309972198
1654598019253,"vbs22-kis-v07","VBS2022-KIS-V","IVIST",96.83090279599224
1654598019253,"vbs22-kis-v07","VBS2022-KIS-V","AIClub@UIT",80.19199496406651
1654598019253,"vbs22-kis-v07","VBS2022-KIS-V","VNUHCM",67.04233987305251
1654598410802,"vbs22-kis-v08","VBS2022-KIS-V","vitrivr",61.92426984564136
1654598410802,"vbs22-kis-v08","VBS2022-KIS-V","VIREO",78.51913417528951
1654598410802,"vbs22-kis-v08","VBS2022-KIS-V","vibro",83.84004799937051
1654598410802,"vbs22-kis-v08","VBS2022-KIS-V","VISIONE",91.4983082189086
1654598410802,"vbs22-kis-v08","VBS2022-KIS-V","CVHunter",66.74338697197413
1654598410802,"vbs22-kis-v08","VBS2022-KIS-V","ViRMA",0.0
1654598410802,"vbs22-kis-v08","VBS2022-KIS-V","diveXplore",0.0
1654598410802,"vbs22-kis-v08","VBS2022-KIS-V","vitrivr-VR",77.96799386237558
1654598410802,"vbs22-kis-v08","VBS2022-KIS-V","AVSEEKER",54.15010950676057
1654598410802,"vbs22-kis-v08","VBS2022-KIS-V","VideoFall",54.97895109572333
1654598410802,"vbs22-kis-v08","VBS2022-KIS-V","VERGE",83.48070844972526
1654598410802,"vbs22-kis-v08","VBS2022-KIS-V","Exquisitor",53.04635349044602
1654598410802,"vbs22-kis-v08","VBS2022-KIS-V","V-FIRST",81.4515547337084
1654598410802,"vbs22-kis-v08","VBS2022-KIS-V","IVIST",81.61532307773012
1654598410802,"vbs22-kis-v08","VBS2022-KIS-V","AIClub@UIT",94.57449738364087
1654598410802,"vbs22-kis-v08","VBS2022-KIS-V","VNUHCM",56.7912224101979
1654598788353,"vbs22-kis-v09","VBS2022-KIS-V","vitrivr",69.0883606557377
1654598788353,"vbs22-kis-v09","VBS2022-KIS-V","VIREO",91.94524590163934
1654598788353,"vbs22-kis-v09","VBS2022-KIS-V","vibro",89.44344262295081
1654598788353,"vbs22-kis-v09","VBS2022-KIS-V","VISIONE",90.72557377049179
1654598788353,"vbs22-kis-v09","VBS2022-KIS-V","CVHunter",90.15803278688524
1654598788353,"vbs22-kis-v09","VBS2022-KIS-V","ViRMA",0.0
1654598788353,"vbs22-kis-v09","VBS2022-KIS-V","diveXplore",0.0
1654598788353,"vbs22-kis-v09","VBS2022-KIS-V","vitrivr-VR",62.64868852459016
1654598788353,"vbs22-kis-v09","VBS2022-KIS-V","AVSEEKER",77.83032786885246
1654598788353,"vbs22-kis-v09","VBS2022-KIS-V","VideoFall",86.88311475409836
1654598788353,"vbs22-kis-v09","VBS2022-KIS-V","VERGE",92.03032786885245
1654598788353,"vbs22-kis-v09","VBS2022-KIS-V","Exquisitor",0.0
1654598788353,"vbs22-kis-v09","VBS2022-KIS-V","V-FIRST",76.79983606557377
1654598788353,"vbs22-kis-v09","VBS2022-KIS-V","IVIST",90.74327868852458
1654598788353,"vbs22-kis-v09","VBS2022-KIS-V","AIClub@UIT",77.14819672131148
1654598788353,"vbs22-kis-v09","VBS2022-KIS-V","VNUHCM",87.52016393442622
1654599320754,"vbs22-kis-v10","VBS2022-KIS-V","vitrivr",89.88731443109688
1654599320754,"vbs22-kis-v10","VBS2022-KIS-V","VIREO",0.0
1654599320754,"vbs22-kis-v10","VBS2022-KIS-V","vibro",88.381452289776
1654599320754,"vbs22-kis-v10","VBS2022-KIS-V","VISIONE",89.93665739915019
1654599320754,"vbs22-kis-v10","VBS2022-KIS-V","CVHunter",94.37588522268268
1654599320754,"vbs22-kis-v10","VBS2022-KIS-V","ViRMA",0.0
1654599320754,"vbs22-kis-v10","VBS2022-KIS-V","diveXplore",0.0
1654599320754,"vbs22-kis-v10","VBS2022-KIS-V","vitrivr-VR",81.86539369459162
1654599320754,"vbs22-kis-v10","VBS2022-KIS-V","AVSEEKER",60.204978230079206
1654599320754,"vbs22-kis-v10","VBS2022-KIS-V","VideoFall",60.64824529192677
1654599320754,"vbs22-kis-v10","VBS2022-KIS-V","VERGE",0.0
1654599320754,"vbs22-kis-v10","VBS2022-KIS-V","Exquisitor",0.0
1654599320754,"vbs22-kis-v10","VBS2022-KIS-V","V-FIRST",90.94433588627183
1654599320754,"vbs22-kis-v10","VBS2022-KIS-V","IVIST",93.74131170329959
1654599320754,"vbs22-kis-v10","VBS2022-KIS-V","AIClub@UIT",88.97619078843834
1654599320754,"vbs22-kis-v10","VBS2022-KIS-V","VNUHCM",0.0
1654599754045,"vbs22-kis-v11","VBS2022-KIS-V","vitrivr",95.00299997049208
1654599754045,"vbs22-kis-v11","VBS2022-KIS-V","VIREO",87.43438589128631
1654599754045,"vbs22-kis-v11","VBS2022-KIS-V","vibro",87.80487405041919
1654599754045,"vbs22-kis-v11","VBS2022-KIS-V","VISIONE",95.831516411314
1654599754045,"vbs22-kis-v11","VBS2022-KIS-V","CVHunter",93.54498152477188
1654599754045,"vbs22-kis-v11","VBS2022-KIS-V","ViRMA",0.0
1654599754045,"vbs22-kis-v11","VBS2022-KIS-V","diveXplore",77.35153424720413
1654599754045,"vbs22-kis-v11","VBS2022-KIS-V","vitrivr-VR",91.59778756274528
1654599754045,"vbs22-kis-v11","VBS2022-KIS-V","AVSEEKER",96.4152811611689
1654599754045,"vbs22-kis-v11","VBS2022-KIS-V","VideoFall",85.88784372612729
1654599754045,"vbs22-kis-v11","VBS2022-KIS-V","VERGE",0.0
1654599754045,"vbs22-kis-v11","VBS2022-KIS-V","Exquisitor",82.74580905761582
1654599754045,"vbs22-kis-v11","VBS2022-KIS-V","V-FIRST",85.64768215394602
1654599754045,"vbs22-kis-v11","VBS2022-KIS-V","IVIST",94.49579184467038
1654599754045,"vbs22-kis-v11","VBS2022-KIS-V","AIClub@UIT",60.345799877378255
1654599754045,"vbs22-kis-v11","VBS2022-KIS-V","VNUHCM",80.99985901778015
1654600134502,"vbs22-avs-09","VBS2022-AVS","vitrivr",4.816053511705686
1654600134502,"vbs22-avs-09","VBS2022-AVS","VIREO",10.833333333333334
1654600134502,"vbs22-avs-09","VBS2022-AVS","vibro",14.444444444444443
1654600134502,"vbs22-avs-09","VBS2022-AVS","VISIONE",6.153846153846153
1654600134502,"vbs22-avs-09","VBS2022-AVS","CVHunter",15.050167224080269
1654600134502,"vbs22-avs-09","VBS2022-AVS","ViRMA",0.0
1654600134502,"vbs22-avs-09","VBS2022-AVS","diveXplore",1.7307692307692308
1654600134502,"vbs22-avs-09","VBS2022-AVS","vitrivr-VR",4.807692307692308
1654600134502,"vbs22-avs-09","VBS2022-AVS","AVSEEKER",9.546351084812624
1654600134502,"vbs22-avs-09","VBS2022-AVS","VideoFall",7.032967032967033
1654600134502,"vbs22-avs-09","VBS2022-AVS","VERGE",5.538461538461538
1654600134502,"vbs22-avs-09","VBS2022-AVS","Exquisitor",0.0
1654600134502,"vbs22-avs-09","VBS2022-AVS","V-FIRST",13.574660633484164
1654600134502,"vbs22-avs-09","VBS2022-AVS","IVIST",15.278514588859418
1654600134502,"vbs22-avs-09","VBS2022-AVS","AIClub@UIT",13.0
1654600134502,"vbs22-avs-09","VBS2022-AVS","VNUHCM",10.341880341880342
1654600523942,"vbs22-kis-v12","VBS2022-KIS-V","vitrivr",59.24922296101035
1654600523942,"vbs22-kis-v12","VBS2022-KIS-V","VIREO",0.0
1654600523942,"vbs22-kis-v12","VBS2022-KIS-V","vibro",94.13188023763624
1654600523942,"vbs22-kis-v12","VBS2022-KIS-V","VISIONE",59.39020471862664
1654600523942,"vbs22-kis-v12","VBS2022-KIS-V","CVHunter",95.28022583310383
1654600523942,"vbs22-kis-v12","VBS2022-KIS-V","ViRMA",0.0
1654600523942,"vbs22-kis-v12","VBS2022-KIS-V","diveXplore",96.86987711636569
1654600523942,"vbs22-kis-v12","VBS2022-KIS-V","vitrivr-VR",80.42632227774062
1654600523942,"vbs22-kis-v12","VBS2022-KIS-V","AVSEEKER",95.99005258947423
1654600523942,"vbs22-kis-v12","VBS2022-KIS-V","VideoFall",94.61171001036053
1654600523942,"vbs22-kis-v12","VBS2022-KIS-V","VERGE",93.44664332271051
1654600523942,"vbs22-kis-v12","VBS2022-KIS-V","Exquisitor",86.36673617395182
1654600523942,"vbs22-kis-v12","VBS2022-KIS-V","V-FIRST",95.40251931122214
1654600523942,"vbs22-kis-v12","VBS2022-KIS-V","IVIST",0.0
1654600523942,"vbs22-kis-v12","VBS2022-KIS-V","AIClub@UIT",92.13010321176117
1654600523942,"vbs22-kis-v12","VBS2022-KIS-V","VNUHCM",96.23529527481607
1654600899769,"vbs22-kis-v13","VBS2022-KIS-V","vitrivr",92.31277417493426
1654600899769,"vbs22-kis-v13","VBS2022-KIS-V","VIREO",0.0
1654600899769,"vbs22-kis-v13","VBS2022-KIS-V","vibro",88.80431860356845
1654600899769,"vbs22-kis-v13","VBS2022-KIS-V","VISIONE",94.39355291371317
1654600899769,"vbs22-kis-v13","VBS2022-KIS-V","CVHunter",93.2934106214304
1654600899769,"vbs22-kis-v13","VBS2022-KIS-V","ViRMA",0.0
1654600899769,"vbs22-kis-v13","VBS2022-KIS-V","diveXplore",0.0
1654600899769,"vbs22-kis-v13","VBS2022-KIS-V","vitrivr-VR",78.32009862101074
1654600899769,"vbs22-kis-v13","VBS2022-KIS-V","AVSEEKER",62.40985423237575
1654600899769,"vbs22-kis-v13","VBS2022-KIS-V","VideoFall",88.6574362471558
1654600899769,"vbs22-kis-v13","VBS2022-KIS-V","VERGE",84.88308426719473
1654600899769,"vbs22-kis-v13","VBS2022-KIS-V","Exquisitor",87.80778083054103
1654600899769,"vbs22-kis-v13","VBS2022-KIS-V","V-FIRST",93.89012019435683
1654600899769,"vbs22-kis-v13","VBS2022-KIS-V","IVIST",91.8611437152056
1654600899769,"vbs22-kis-v13","VBS2022-KIS-V","AIClub@UIT",70.9292276217517
1654600899769,"vbs22-kis-v13","VBS2022-KIS-V","VNUHCM",87.7699127230284
1654601278465,"vbs22-avs-10","VBS2022-AVS","vitrivr",19.38552482000758
1654601278465,"vbs22-avs-10","VBS2022-AVS","VIREO",11.792418738231545
1654601278465,"vbs22-avs-10","VBS2022-AVS","vibro",11.206204126852235
1654601278465,"vbs22-avs-10","VBS2022-AVS","VISIONE",7.3665247819918065
1654601278465,"vbs22-avs-10","VBS2022-AVS","CVHunter",8.21397285520882
1654601278465,"vbs22-avs-10","VBS2022-AVS","ViRMA",1.5390760218346424
1654601278465,"vbs22-avs-10","VBS2022-AVS","diveXplore",4.9528722702765595
1654601278465,"vbs22-avs-10","VBS2022-AVS","vitrivr-VR",7.653904877135367
1654601278465,"vbs22-avs-10","VBS2022-AVS","AVSEEKER",6.7378382020453085
1654601278465,"vbs22-avs-10","VBS2022-AVS","VideoFall",3.3290816326530615
1654601278465,"vbs22-avs-10","VBS2022-AVS","VERGE",7.0822644360156755
1654601278465,"vbs22-avs-10","VBS2022-AVS","Exquisitor",5.002890908670413
1654601278465,"vbs22-avs-10","VBS2022-AVS","V-FIRST",12.396367413960656
1654601278465,"vbs22-avs-10","VBS2022-AVS","IVIST",33.07384115893919
1654601278465,"vbs22-avs-10","VBS2022-AVS","AIClub@UIT",8.253016348968373
1654601278465,"vbs22-avs-10","VBS2022-AVS","VNUHCM",5.9406935187868255